video,inflation_period_s,max_lin_mm,max_lin_time,max_rad_mm,max_rad_time,max_area_mm,max_area_time,max_bend_deg,max_bend_time,mm_per_px
test1,3.5,123.02712513253991,3.2,33.25057436014592,2.966666666666667,7912.4838895074545,3.1333333333333333,12.425942865427487,3.033333333333333,0.36945082622384356
test1,3.5,123.02712513253991,3.2,33.25057436014592,2.966666666666667,7912.4838895074545,3.1333333333333333,12.425942865427487,33.620025186369766,3.033333333333333,0.36945082622384356
test4,3.5,113.22,2.9,29.6,2.933333333333333,6622.1268,2.966666666666667,28.70595254340109,29.23,0.0,0.37
test5,3.5,115.07,3.1333333333333333,23.68,2.8,6621.784549999999,2.966666666666667,27.072080237992765,22.57,0.03333333333333333,0.37
test1,3.5,123.02712513253991,3.2,33.25057436014592,2.966666666666667,7912.4838895074545,3.1333333333333333,12.425942865427487,33.620025186369766,3.033333333333333,0.36945082622384356
test1,3.5,123.02712513253991,3.2,33.25057436014592,2.966666666666667,7912.4838895074545,3.1333333333333333,12.425942865427487,33.620025186369766,3.033333333333333,0.36945082622384356
